<!--
 /**
 * [SIMINOV FRAMEWORK]
 * Copyright [2015] [Siminov Software Solution LLP|support@siminov.com]
 *
 * Licensed under the Apache License, Version 2.0 (the "License");
 * you may not use this file except in compliance with the License.
 * You may obtain a copy of the License at
 *
 *     http://www.apache.org/licenses/LICENSE-2.0
 *
 * Unless required by applicable law or agreed to in writing, software
 * distributed under the License is distributed on an "AS IS" BASIS,
 * WITHOUT WARRANTIES OR CONDITIONS OF ANY KIND, either express or implied.
 * See the License for the specific language governing permissions and
 * limitations under the License.
 **/
 
 
 -->

<adapter-descriptor>
    
    <property name="name">RESOURCES</property>
    <property name="description">Resources Hybrid Handler</property>
    <property name="type">HYBRID-TO-NATIVE</property>
    <property name="map_to">SIHResourcesHandler</property>
    <property name="cache">true</property>
    
    
    <handlers>
        
        <!-- CORE BASED HANDLERS -->
        
        <handler>
            
            <property name="name">GET-APPLICATION-DESCRIPTOR</property>
            <property name="type">SYNC</property>
            <property name="map_to">getApplicationDescriptor</property>
            <property name="description">Get Application Descriptor</property>
            
            <return>
                
                <property name="type">string</property>
                <property name="description">Application Descriptor</property>
                
            </return>
            
        </handler>
        
        <handler>
            
            <property name="name">GET-DATABASE-DESCRIPTOR</property>
            <property name="type">SYNC</property>
            <property name="map_to">getDatabaseDescriptor:</property>
            <property name="description">Get Database Descriptor</property>
            
            <parameters>
                
                <parameter>
                    
                    <property name="type">string</property>
                    <property name="description">Database Descriptor Name</property>
                    
                </parameter>
                
            </parameters>
            
            <return>
                
                <property name="type">string</property>
                <property name="description">Database Descriptor</property>
                
            </return>
            
        </handler>
        
        
        <handler>
            
            <property name="name">GET-DATABASE-DESCRIPTOR-BASED-ON-TABLE-NAME</property>
            <property name="type">SYNC</property>
            <property name="map_to">getDatabaseDescriptorBasedOnTableName:</property>
            <property name="description">Get Database Descriptor Based On Table Name</property>
            
            <parameters>
                
                <parameter>
                    
                    <property name="type">string</property>
                    <property name="description">Entity Descriptor Table Name</property>
                    
                </parameter>
                
            </parameters>
            
            <return>
                
                <property name="type">string</property>
                <property name="description">Database Descriptor</property>
                
            </return>
            
        </handler>
        
        <handler>
            
            <property name="name">GET-DATABASE-DESCRIPTOR-BASED-ON-CLASS-NAME</property>
            <property name="type">SYNC</property>
            <property name="map_to">getDatabaseDescriptorBasedOnClassName:</property>
            <property name="description">Get Database Descriptor Based On Class Name</property>
            
            <parameters>
                
                <parameter>
                    
                    <property name="type">string</property>
                    <property name="description">Entity Descriptor Class Name</property>
                    
                </parameter>
                
            </parameters>
            
            <return>
                
                <property name="type">string</property>
                <property name="description">Database Descriptor</property>
                
            </return>
            
        </handler>
        
        <handler>
            
            <property name="name">GET-ENTITY-DESCRIPTOR-BASED-ON-CLASS-NAME</property>
            <property name="type">SYNC</property>
            <property name="map_to">getEntityDescriptorBasedOnClassName:</property>
            <property name="description">Get Entity Descriptor Based On Class Name</property>
            
            <parameters>
                
                <parameter>
                    
                    <property name="type">string</property>
                    <property name="description">Entity Descriptor Class Name</property>
                    
                </parameter>
                
            </parameters>
            
            <return>
                
                <property name="type">string</property>
                <property name="description">Entity Descriptor</property>
                
            </return>
            
        </handler>
        
        <handler>
            
            <property name="name">GET-ENTITY-DESCRIPTOR-BASED-ON-TABLE-NAME</property>
            <property name="type">SYNC</property>
            <property name="map_to">getEntityDescriptorBasedOnTableName:</property>
            <property name="description">Get Entity Descriptor Based On Table Name</property>
            
            <parameters>
                
                <parameter>
                    
                    <property name="type">string</property>
                    <property name="description">Entity Descriptor Table Name</property>
                    
                </parameter>
                
            </parameters>
            
            <return>
                
                <property name="type">string</property>
                <property name="description">Entity Descriptor</property>
                
            </return>
            
        </handler>
        
    </handlers>
    
</adapter-descriptor>