
<!--
 /**
 * [SIMINOV FRAMEWORK]
 * Copyright [2015] [Siminov Software Solution LLP|support@siminov.com]
 *
 * Licensed under the Apache License, Version 2.0 (the "License");
 * you may not use this file except in compliance with the License.
 * You may obtain a copy of the License at
 *
 *     http://www.apache.org/licenses/LICENSE-2.0
 *
 * Unless required by applicable law or agreed to in writing, software
 * distributed under the License is distributed on an "AS IS" BASIS,
 * WITHOUT WARRANTIES OR CONDITIONS OF ANY KIND, either express or implied.
 * See the License for the specific language governing permissions and
 * limitations under the License.
 **/
 
 -->

<adapter-descriptor>
    
    <property name="name">SIMINOV-EXCEPTION-HANDLER</property>
    <property name="description">Siminov Exception Handler</property>
    <property name="type">NATIVE-TO-HYBRID</property>
    <property name="map_to">SIHSiminovExceptionHandler</property>
    
    <handlers>
        
        <handler>
            
            <property name="name">DISPLAY</property>
            <property name="map_to">display</property>
            <property name="description">Display Exception</property>
            
            <parameters>
                
                <parameter>
                    
                    <property name="type">string</property>
                    <property name="description">Data</property>
                    
                </parameter>
                
            </parameters>
            
        </handler>
        
        
    </handlers>
    
</adapter-descriptor>

